id;name;active;created_by;created_date;last_modified_by;last_modified_date
1;stained for;true;hurtful noteworthy incidentally;2025-07-26T21:16:37;annual;2025-07-27T02:23:51
2;lieu;false;useless;2025-07-27T03:25:49;once via;2025-07-27T09:08:50
3;athwart mechanic;true;highly ugh;2025-07-27T01:04:44;miserly lest decode;2025-07-26T22:44:41
4;sense;false;yearly;2025-07-27T06:19:49;quick;2025-07-27T11:26:49
5;safely;true;oh cork;2025-07-27T13:51:14;satisfy;2025-07-27T05:12:20
6;event;true;provided internalize;2025-07-27T03:17:14;frightfully skeletal um;2025-07-26T19:52:39
7;minus tenderly freely;false;forecast;2025-07-27T01:07:02;invite gape;2025-07-27T11:35:32
8;phew that athwart;false;remorseful;2025-07-26T22:28:43;unethically;2025-07-27T09:28:30
9;furthermore as finally;true;loudly;2025-07-27T00:14:48;duh cutlet;2025-07-27T08:49:10
10;equatorial freely;true;a;2025-07-27T08:22:29;override swim chasuble;2025-07-27T01:22:18
